daID,first_name,middle_initial,last_name,availability,phoneID,email,password
1,Binni,Q,Extill,true,1,bextill0@yellowpages.com,24deafec2fbf0effe8f26a31a8c12dcf4b1ccf50
2,Napoleon,T,Prosser,false,3,nprosser1@livejournal.com,183d09421e6b519102ccfc819609ad690cf5303e
3,Austin,D,Witherden,true,5,awitherden2@w3.org,35caee76805ac22fbf7a2113de1368cd16c4c770
4,William,X,Zeplin,false,7,wzeplin3@nba.com,603d18d60bd44b093d015b3d1207a639666ac2a9
5,Monro,,Veneur,false,9,mveneur4@amazon.com,338a12507b69992a76dfb3950c76d76ed4b3f8f0
6,Minni,H,Guillon,true,11,mguillon5@home.pl,da9f4596078609cf81e2dde5d96fbbc53644771f
7,Brady,,Dillway,true,13,bdillway6@google.ca,7ac9c18580e1ec85a7fe6393c6ce5d70d3704e0b
8,Eadie,J,Gehricke,true,15,egehricke7@ucsd.edu,d2b1d8ac7ebd4800b131ae54509864f77d6bfd5c
9,Timotheus,X,Bratt,true,17,tbratt8@epa.gov,76ad87123a47245bdfe37eeaa25791d16bc865a2
10,Orv,T,Higford,true,19,ohigford9@marriott.com,0606837a04e501d7190f604badc1cf3aa47f9fe2
11,Abra,B,Morgan,true,21,amorgana@globo.com,879dd05b6608134cbbbdafcdb85e12e9a89affb9
12,Darcy,D,Calvard,true,23,dcalvardb@mapquest.com,f7c333f370155961bdd36455a9374df73f852e7d
13,Trumaine,N,Haithwaite,false,25,thaithwaitec@sogou.com,bd42760536480f136360754c1b8287fb94c10147
14,Timmie,,Billinge,false,27,tbillinged@cisco.com,8486b52b22341f0663d9df5cf73bdf21f5685b93
15,Celestyn,F,Comino,true,29,ccominoe@apache.org,8c8312c31945e952200e371dba237477526f09c7
16,Maiga,T,MacSharry,false,31,mmacsharryf@usda.gov,66c630ec7baa0d446a181270853e7fb144b3dfa1
17,Shaughn,R,O' Lone,false,33,soloneg@netlog.com,480c886bdd3041da5dc072faa549e25772c212ed
18,Nataline,L,Hance,true,35,nhanceh@barnesandnoble.com,4b35ea66068c01787c360390239fefd2688f2cd8
19,Hailey,R,Lumbers,true,37,hlumbersi@t.co,d979e09761aa0beaec8c51ba6222584f0047ef0c
20,Mindy,U,Bath,true,39,mbathj@drupal.org,b24313ba144e99ab3ca6c57ad7e5529a1665a52b
21,Mateo,,Bollom,true,41,mbollomk@51.la,a9c742555ed0fefac7eb0a6d0b99201de98f569c
22,Margarethe,O,Munson,true,43,mmunsonl@posterous.com,a148fcd2094a007a4f20910948ec51cafa9fe296
23,Josee,,Bolletti,false,45,jbollettim@soundcloud.com,d1246df23e684a2803e04efc41aded3234eb8f91
24,Tobe,I,Melin,false,47,tmelinn@techcrunch.com,f32a188f4d02ed86255b55cf106df63f57d423fa
25,Gonzalo,T,Ommundsen,false,49,gommundseno@ning.com,b628ddcf1946aa6d78c62a67e56aa114d377a4a9
26,Auroora,X,Sackey,true,51,asackeyp@dell.com,8e9fbce1631741079edeb2e6d77d5b0755f6ddc6
27,Norah,L,Dayborne,true,53,ndayborneq@google.de,367dc22774d97d04d9dbd65e09d3293c77abecf2
28,Debby,N,Hicks,true,55,dhicksr@ezinearticles.com,d651a47014e39ce9a2aaca57a5a4308a6252ea50
29,Alana,E,Lambrecht,false,57,alambrechts@tiny.cc,087cee6291453cc522e6a0a9e3f99ce5aac67f3f
30,Wallache,,Headey,false,59,wheadeyt@prlog.org,d1d1610fce2401214e6b10a94c33eac0aa673018
31,Care,R,Britnell,false,61,cbritnellu@nih.gov,2ed8a13eabca787e03d3b874090ac65108162919
32,Kipp,G,Rymmer,true,63,krymmerv@mashable.com,0685eff5a69a2462822bafa31786a1fe2cf4990c
33,Bev,,Vedeniktov,false,65,bvedeniktovw@hc360.com,f690cd683efc7f6b283a9e6c58d87a0af780b194
34,Brandice,,Vogt,true,67,bvogtx@china.com.cn,55f13c83a00aaa43404e628a522f4d66f2ffdd85
35,Adora,T,Terrans,false,69,aterransy@irs.gov,9fde115a55c69dba986915b12de2990aba8782ae
36,Shawn,U,Hitzschke,true,71,shitzschkez@biblegateway.com,3a193efcc6e6c6f04ba687d109ed0bf0d04c16d5
37,Ambrosius,Z,Setford,true,73,asetford10@dailymail.co.uk,217bd246fe68f6578977aab7457de1bd1281ca1a
38,Gwyneth,G,Pulteneye,false,75,gpulteneye11@miibeian.gov.cn,575d66e39b779896772c4d930204357ae57e7bfb
39,Rianon,,Pleaden,true,77,rpleaden12@twitter.com,7ec969186c1172847c6bed844d03bd44cb5a9ba7
40,Rutter,R,Kilduff,true,79,rkilduff13@mit.edu,e01cf977e1116b65c12f31031558b7143e718203
41,Althea,G,Don,true,81,adon14@trellian.com,bcafae8c455a003a71dd926e22483e2af6734257
42,Derril,,Terzi,false,83,dterzi15@constantcontact.com,f1e1c4ac2209b0d0510bf3b8eb74d3ffb01ab764
43,Jandy,,Dods,true,85,jdods16@ezinearticles.com,082d20282e1e37cb2ad630917a9143fe46186ac4
44,Fabiano,D,Romans,false,87,fromans17@stumbleupon.com,7be20b38891e020cf63c713071a4779c62d96fb5
45,Steffen,M,Tuplin,true,89,stuplin18@spotify.com,abcad3385af61674d617efd7e2466ab976ba9dc5
46,Beckie,,Lucy,false,91,blucy19@yolasite.com,22c62c1a210433de9126b02ebad25d5b3961ab7e
47,Kania,U,Lahiff,false,93,klahiff1a@g.co,2cb406822f491f89261c854dc3c3ee1a97c9fb9f
48,Kendall,R,,false,95,kclappison1b@123-reg.co.uk,4d98e8ce21331afa2f27c2c31af5643f9d5b15c9
49,Vernor,P,De Cristofalo,true,97,vdecristofalo1c@multiply.com,3a978bc6632e00eac371de1fd6e9fe361763cf97
50,Onida,Y,Desaur,true,99,odesaur1d@auda.org.au,97df59d6588bad37b0621b3dc60e6eb59c528518
51,Lacey,,Smeeth,false,101,lsmeeth1e@eventbrite.com,66accda72cc4cbca152e4397d58b8595a0c14777
52,Ardene,,Janman,false,103,ajanman1f@photobucket.com,1d562c96b79dd4968b05715d0846bf374a8b4078
53,Silas,L,Rome,true,105,srome1g@senate.gov,5f4fd0d8d6f72ba64fdeee69fe85e9bbe36a8cb9
54,Claudio,V,Bambury,false,107,cbambury1h@yellowpages.com,cf4e9777d526a56c338ca6d39f48be0b0bdab5df
55,Anselma,M,Hardwidge,false,109,ahardwidge1i@is.gd,87e83466304b3d526508ca11b99c49391ad43418
56,Daune,S,Blackden,false,111,dblackden1j@dyndns.org,888670dadf5a4cba32f0b8e583be435f9f7b44af
57,Zechariah,H,Sandaver,true,113,zsandaver1k@alibaba.com,be45867cbc85f08cebb6839c2c246e0183752faa
58,Danni,Y,Hansard,false,115,dhansard1l@infoseek.co.jp,d1cec8d7fae9de2064e750343d1094a3f7cc935a
59,Chrystal,X,Kinder,true,117,ckinder1m@usgs.gov,e82a422dd747b04d9d193c3aea2052b531fd3af0
60,Toiboid,P,Beccera,false,119,tbeccera1n@e-recht24.de,64af4450bd8f4815dc7d90d7e8c522c11619be9e
61,Aigneis,F,Marciek,false,121,amarciek1o@angelfire.com,a678060b10064c03a39a0ccfea092035ee7dccdf
62,Antonio,Z,MacAlpine,false,123,amacalpine1p@go.com,9f780388b5e9f5ee7191de3bdfdbbd2b269ff1cc
63,Venita,J,Garaghan,false,125,vgaraghan1q@addthis.com,f1c37d1cde7cea13b83b519df112de9393fd553f
64,Missie,F,Maunders,true,127,mmaunders1r@foxnews.com,83d68a9b1af8e7325e9c6d6fc3214436268b5123
65,Caspar,A,Carik,false,129,ccarik1s@washington.edu,1196b36f80d0ad230f90392d21f93a19b92bee92
66,Burt,E,Pordall,true,131,bpordall1t@sitemeter.com,9f214fb7bfc4d77b80ce113a95b4d6cf70e770f6
67,Lanae,L,Pretswell,false,133,lpretswell1u@dmoz.org,0fec61bc0b6d97a6d0762ee454b04199827204f4
68,Martie,,Paolozzi,false,135,mpaolozzi1v@netscape.com,6194eb7e31d757244ac011520617efe650c48b8a
69,Dante,L,Kaesmans,false,137,dkaesmans1w@cdc.gov,aeb2a17ef320bab75e2168136cb4986e8dc3d43c
70,Dinah,C,Henrionot,false,139,dhenrionot1x@upenn.edu,649c2c15deacc1196b9bc159da23b48b15326aa8
71,Timi,,Spurgin,true,141,tspurgin1y@imdb.com,e8f61b861b432b03b2e8f1d3dd643f8212f1ca0c
72,Yolanthe,G,Beare,true,143,ybeare1z@cornell.edu,3d84222de98aa07f1ab14f5a83786a9657ff34a4
73,Susan,L,Larvent,true,145,slarvent20@berkeley.edu,6bf27c693cc5d4bbc2199b563721697601993236
74,Aluin,K,Kellegher,false,147,akellegher21@illinois.edu,817efa66a85108dcf92c945f177cffcc9143bf6d
75,Forrest,,McTurk,true,149,fmcturk22@google.es,d552592bee601220de64e08c83d0397928af9cc5
76,Jacquelyn,,Gorton,false,151,jgorton23@multiply.com,0b51fcb47af7e1375feeed572e39c0f2546ae702
77,Jemmy,D,,true,153,jbattell24@gmpg.org,3cef99065387df05bd9b248153ab6cd9c6c96e35
78,Kerry,,Borthram,true,155,kborthram25@com.com,1abc5d452de5961109a48355366404833f3daa28
79,Evey,,Dorracott,true,157,edorracott26@comcast.net,5cfc877c19fd54d5c124984527fe26d56d1e149d
80,Raul,,,false,159,rgaitskill27@unblog.fr,22af9e25fb4c8b8f0a92296bb462e188b6448b6f
81,Christabel,C,Forster,false,161,cforster28@rakuten.co.jp,3e3dce5112c69cb9389cd4d3f3010c4948bc88cf
82,Evie,,Hackwell,false,163,ehackwell29@domainmarket.com,592b548705714e52eda229d575da71c4b75955d9
83,Artur,Y,,false,165,aquinn2a@alexa.com,d12ca9d87013f45e20deae05a263300d664190b9
84,Luca,,Losbie,false,167,llosbie2b@addthis.com,53c25e85e577bafd944c175f71108996549acda7
85,Jamima,L,Snookes,false,169,jsnookes2c@hibu.com,1b0d39cd7ea210245856c6b2c91d78a3cdce39c8
86,Agathe,K,Trew,true,171,atrew2d@berkeley.edu,aaff8022a8713f097f15e31d9ecdefb1b00ce37e
87,Verge,R,Mc Faul,true,173,vmcfaul2e@paypal.com,1a1e2da91901cb726bdd5e2fa943e4517c8c0186
88,Erena,C,Stanier,false,175,estanier2f@discuz.net,cc37db985dd2284fef4b4d3e66c9b44a295f7099
89,Enoch,V,Luton,true,177,eluton2g@go.com,3da9239e043e06329808ca1bde28acebcfc1dbbc
90,Bord,O,Ashcroft,true,179,bashcroft2h@google.com.hk,aeea4d972b74575cb51231f082eb7e09b917253e
91,Charmain,G,Sagg,true,181,csagg2i@spotify.com,ba2508295242a08a9a83c69cdab71c53314b5003
92,Olympia,M,Stonner,true,183,ostonner2j@yahoo.com,902ad1a8e4b5ca47eccbe87b0313d9caf9614ced
93,Celestyna,,Jakoubek,true,185,cjakoubek2k@bbb.org,079456987aab7776082c650c139528cd6efc4e87
94,Raul,F,Struijs,true,187,rstruijs2l@seesaa.net,db8777aac38d72ffb31bc476ea75bd1d86da67de
95,Sanderson,J,Ellerbeck,false,189,sellerbeck2m@stumbleupon.com,998a2b9cd1c454d620cb7b3cfd67739118cec766
96,Dinnie,,Greedy,true,191,dgreedy2n@icq.com,ead940a0e5fa8f2d4c3a64a96ac0de73f8d06767
97,Delores,Z,Blackstone,false,193,dblackstone2o@angelfire.com,58438c79de096d5e462d471376eb19c7e3d6fab4
98,Jessamyn,,Duckering,true,195,jduckering2p@wsj.com,96944f5d4f4677a55e337be3a7d2f48e57ffff1f
99,Burr,S,Dabnor,false,197,bdabnor2q@earthlink.net,47e7a4347d018138453b1e71d04f4eb7f92ee809
100,Freedman,B,Litton,true,199,flitton2r@joomla.org,a894caff4b50ba50139dd261eaa6abdccace7bf6
101,Elliot,,Foat,true,201,efoat2s@tinypic.com,9aa73c4c73af8caadc2cd5c0e7480d66620bdd18
102,Marcelo,,Senten,true,203,msenten2t@feedburner.com,a55b7640cb96d38970e6263bc85f8024fea964e3
103,Jerrie,E,Scarbarrow,true,205,jscarbarrow2u@ox.ac.uk,96ade98fc796084433741a188e0973f2501cc546
104,Joceline,,Seers,true,207,jseers2v@alibaba.com,f7f71621b09b7d3cc54edf6c18e14d548c77956e
105,Martin,D,BoHlingolsen,true,209,mbohlingolsen2w@wordpress.org,0d6fc5493a344f8101888a112e8ecc4a02eb114e
106,Giles,D,Wildt,false,211,gwildt2x@prweb.com,af29b3d1724d4a4b4aa219be617d3f48a79e4e05
107,Russ,T,Binton,true,213,rbinton2y@ucla.edu,509f4ade3c8595e70ac033ebd8d01115f9110400
108,Bald,P,Lauga,false,215,blauga2z@timesonline.co.uk,ac817f20ea98a8c4794546d56ac1eb67f49c63b2
109,Bren,B,Boules,false,217,bboules30@meetup.com,640ad4c8b5035bd39ce587f599f8e0c51f37cbe8
110,Artus,N,Ortmann,false,219,aortmann31@blogger.com,5e6b5bb78f8cd1264de23b64d6ce4e9450be71ad
111,Jordon,,Blaschke,true,221,jblaschke32@google.com.au,b5d68ba2edf4c790396e2032d1ac144df2c27a66
112,Berkley,,Summerlee,false,223,bsummerlee33@ft.com,f318f91c8772340ff34a9f1a9f896f922452193e
113,Scarlett,J,Calkin,true,225,scalkin34@github.io,203878a8d5fbb340e2eaed3893c4421ec90d2b1f
114,Ivette,Y,Gerriessen,false,227,igerriessen35@newsvine.com,1a1a1123afee83d1378bf2443f6dc6a254e98faa
115,Felisha,,Jiroudek,true,229,fjiroudek36@pcworld.com,67d8070163304ed6686368121b671745a4d44f19
116,Worthy,Y,Woollhead,true,231,wwoollhead37@hugedomains.com,97e6356789b70a31f6e7bd357b9e04c20f2eb5bd
117,Humberto,H,Bradforth,true,233,hbradforth38@tinyurl.com,ed2b71f6c1953a7634607a1decc8411b535484f3
118,Xena,B,Wilkins,true,235,xwilkins39@independent.co.uk,2ed22ebb04edf5ad37769f44d7475cde99826b0b
119,Stephie,V,Melley,false,237,smelley3a@scientificamerican.com,bf215b52f57d7ff64bd0227fd575c956b980619f
120,Lucila,G,Dear,false,239,ldear3b@lycos.com,18d0ee8180f4b62d2f653a9485184891c89803be
121,Gabrila,S,Gawke,false,241,ggawke3c@hubpages.com,fd4dfaf8773d3a296f015f9d51a54a456946a886
122,Bella,B,Logsdail,false,243,blogsdail3d@umich.edu,bb6208b36b64b3e34ee576e35f2121f0c063a2bb
123,Nixie,,Dobrowolny,false,245,ndobrowolny3e@liveinternet.ru,61eaa7ef390d03be1d1263666455fc9ee66155ca
124,Bessie,C,,false,247,bdecruce3f@taobao.com,10106b96184f9ee19e211cec7273dd3bc5a5eb56
125,Gussi,,,false,249,gleversha3g@google.es,0d59bdc4364cce810523ab53064d805cc937af73
126,Tracy,Y,Coneybeer,true,251,tconeybeer3h@ca.gov,35da4a8d963c87bdf67b5e3e989e211e34c43e6d
127,Barnett,,,false,253,banglim3i@behance.net,730c287b7983eed7f93d0efb7d1ce823ba2cf192
128,Swen,B,McKeveney,false,255,smckeveney3j@tinypic.com,6db31153867f5e3b17486f14bd10b47392c448ce
129,Alfie,P,McMonies,true,257,amcmonies3k@cam.ac.uk,8fab0d16b94f80963bf5547ebd6e4a89538ffbb6
130,Arabele,D,Vondrasek,false,259,avondrasek3l@cloudflare.com,9d136fc7f1904c32ed2276df32d01b8db4778b89
131,Stace,,Grevel,false,261,sgrevel3m@domainmarket.com,7973da67a8346e59412bec779ae15a37f12e413b
132,Melamie,T,Gerholz,false,263,mgerholz3n@hp.com,cb998afb9869c65e73ebcb8d1f58a680022d3b2d
133,Joellyn,R,Wingrove,true,265,jwingrove3o@moonfruit.com,b60dfdd86032853d169348476007d55aec41ad79
134,Vernen,N,Raggles,true,267,vraggles3p@bing.com,e5499c27d53d5dc9ff8ecf1abbd7b01277c6a3b0
135,Avictor,O,McAvey,true,269,amcavey3q@google.nl,9e7ab97382e7ac523d27ec2ca09c77d4b0723961
136,Shellie,,Cranefield,true,271,scranefield3r@nationalgeographic.com,30c952edce9e3243325bfe3d4ce1f9df87b2817f
137,Ame,Y,Jamary,true,273,ajamary3s@digg.com,5a25901b8b620442cba53d3df5d52ef2ad464b36
138,Roosevelt,H,Waycot,true,275,rwaycot3t@ebay.com,3b0b42e7255c5d22f9e95207470edec4dcdd83eb
139,Lindsy,,Longfoot,true,277,llongfoot3u@free.fr,76ae9d015c477bb363e6c1bb1ec683db6a2fdac3
140,Herschel,,Clulee,true,279,hclulee3v@addthis.com,5dca36e1002ad2c2b167fcb26749427df20dd831
141,Cthrine,H,Okill,false,281,cokill3w@theatlantic.com,201672ed175d419da2b598b4ac96a6319ad9aa4e
142,Damita,X,Franscioni,true,283,dfranscioni3x@tumblr.com,a0f749835b93759a6b2bb3becc1b80e833176d21
143,Amata,E,Boness,false,285,aboness3y@live.com,2268a55fa8638c349acec2d2b5ddaa225a8cbd04
144,Phyllys,,Proswell,true,287,pproswell3z@umn.edu,bba241ff4a7e8586a4b153523db0cc44cf756da5
145,Land,X,Pluvier,true,289,lpluvier40@studiopress.com,ea6966ed7836f53f9914cf40ccb7e19a9a561434
146,Emmanuel,F,Marris,false,291,emarris41@toplist.cz,126c57391843987bae0cb12ddbcb3dfed289674e
147,Gannie,H,Stenyng,false,293,gstenyng42@vinaora.com,be47d056b100dce03c64e521246f733323ce5f77
148,Erskine,W,Screech,false,295,escreech43@cocolog-nifty.com,a0f0f110c65a6e8c5a08e3851f9cbd8f232c7a0e
149,Baxie,,Stango,false,297,bstango44@gizmodo.com,ae5a4d9093393e013fe1bd7f7187c9d6317f988f
150,Graeme,,Rayer,true,299,grayer45@timesonline.co.uk,e7b80bd7a6582412735271aceb1d8fb3974117f2
151,Tammara,K,Silcocks,true,301,tsilcocks46@mozilla.com,89c1cb3fa782cdc38b160b800b7327176be77df6
152,Kerrie,Y,,false,303,konslow47@google.fr,4751a371af43522039561391b42cd13ec1a3cc01
153,Winnie,,Estoile,false,305,westoile48@people.com.cn,d73c054e1f67d32123a0208d47d0ef8a5e190383
154,Caldwell,,Melluish,true,307,cmelluish49@berkeley.edu,6333cb351b533b14753c3f2c2cc71d2c5bd3d8d8
155,Ky,,Jentle,false,309,kjentle4a@360.cn,1945608d58443617322aecac2b877ca003440d53
156,Seth,U,Glasebrook,true,311,sglasebrook4b@columbia.edu,cec917d4e34541b73ca77d83625056e0aa3c265c
157,Catharine,I,Cicullo,true,313,ccicullo4c@cdbaby.com,9e0a2b365333c5974e96062362bc57169563d1a4
158,Jesse,U,Pitman,true,315,jpitman4d@globo.com,77032f0cbd084b23934670a47e60306c089c5e68
159,Bartholemy,V,Hixson,true,317,bhixson4e@symantec.com,b3876588eb7fae67f467f43eb4024ba3ac00d63d
160,Chiquia,X,Hopkyns,true,319,chopkyns4f@cisco.com,011e4c1a252e1a78830235a3f644bfbfbdafacaa
161,Iago,I,Worms,false,321,iworms4g@histats.com,973fff461e66f30e345e900fca5c2ee1ada16ca8
162,Alessandro,M,Borell,false,323,aborell4h@mysql.com,82adfc6306c59d7556b1e0454cd3e00cced476ec
163,Mabelle,Q,Chagg,false,325,mchagg4i@live.com,47cc5c48d726ec70e1e76da2cb766df9e473127b
164,Ted,X,Rumin,false,327,trumin4j@nationalgeographic.com,6100101fdbb916380224cc5b9d5cd8ed0abbbb9b
165,Eolanda,,Minghi,false,329,eminghi4k@umn.edu,2c852112ed09a0b45d4b7d5af72068926ac3fbd5
166,Sloane,Y,Reavey,false,331,sreavey4l@dedecms.com,4dcf16dde2637c828b1d3337c358ca773554a465
167,Lindie,R,Mynott,true,333,lmynott4m@nymag.com,2c2169bd0dd2e4fbd5b2809889c689bed65f229e
168,Teri,E,Peebles,false,335,tpeebles4n@elegantthemes.com,2b795c3d564e5e68298eb0c4ee24061071691846
169,Alethea,G,Oslar,true,337,aoslar4o@nyu.edu,c9b3f2c6a753d0062fe18e205c35b707a169b045
170,Reyna,G,McGrah,false,339,rmcgrah4p@com.com,f149d3ef0b555e08750809703d76e754f8fd167b
171,Leeanne,S,Brentnall,false,341,lbrentnall4q@liveinternet.ru,b0c9fac3f2585be2728f69b840b9273774b5bbe3
172,Nowell,G,Bonifazio,false,343,nbonifazio4r@vimeo.com,551c32825fa32356ce13ef894f37f1dd6e1675be
173,Roderick,,Aitkenhead,true,345,raitkenhead4s@stanford.edu,fb1243fb4f8a4d20cbdaa1157154d37637604733
174,Erma,R,Stannis,false,347,estannis4t@yelp.com,aa1dc3c7954fa6f080805a39b85f8da3a6720c4b
175,Rozella,,Corradengo,true,349,rcorradengo4u@bloglovin.com,f6b8bacdf465e133875298ba7935e26d0f892249
176,Somerset,T,Benck,false,351,sbenck4v@alibaba.com,52e72b3d0ec0031aac6f508d5582869a02c7b455
177,Isak,L,Brokenshaw,false,353,ibrokenshaw4w@shinystat.com,68b3d3cb0fa0075909a479592c9d9bdf4125b215
178,Cully,U,Bailess,true,355,cbailess4x@gnu.org,99e9cc4abd03b34632635fa198bea68e46b5db20
179,Dyann,V,Giacubbo,false,357,dgiacubbo4y@wikia.com,199a7d2568ccb5dbb9bbe0b95c7eb80147e49023
180,Leila,V,Gosswell,true,359,lgosswell4z@shinystat.com,ccf185be474963023af8e86ee4622e398024c6d2
181,Marylee,E,Waterhowse,true,361,mwaterhowse50@tuttocitta.it,8fe830d359134a4a615eee96f52dbd9e2b10f67e
182,Lesly,S,Shippam,false,363,lshippam51@discovery.com,81c3f4d59f10fbedc3740c4907d2b2e543d6fc34
183,Selestina,T,Bilyard,false,365,sbilyard52@seattletimes.com,9a8ee1cd37a4028b760f0228a6915d20f9cb4130
184,Lynnett,X,Stiebler,true,367,lstiebler53@apache.org,80460c22f5b4c04359671015432db863c93b8083
185,Koo,N,Lampart,true,369,klampart54@harvard.edu,b342ef482885134011f001940cde37a3f9c8ab96
186,Paige,F,Deaves,false,371,pdeaves55@xing.com,4be1a01681d8a0cd3b22fad4e8b05ea91de221a3
187,Cordi,G,Jeffers,true,373,cjeffers56@hao123.com,556225229aa04f165cbfeb88433f34c56f33373b
188,Jodee,L,Adess,true,375,jadess57@quantcast.com,2731bbb5000efa0c11d875cf3783c746b282611b
189,Jenny,N,Dennick,true,377,jdennick58@rakuten.co.jp,9eab160e25ac2547f6b9c86ca08cee16c0bca0f2
190,Clim,,Morphew,false,379,cmorphew59@washington.edu,494d783c63bc76d2a6003e1f706d4906b66b0ef9
191,Westley,Q,Gulliford,true,381,wgulliford5a@de.vu,2a28983a0bca33de0ede4e33fadc8616be9a79d0
192,Maiga,,Goodliff,true,383,mgoodliff5b@wikipedia.org,44934acab7654a0262539338ea75f149458e5095
193,Michale,C,Oret,true,385,moret5c@usda.gov,d6f2a5c509ebe5ae034a9f6520a95db83963c26a
194,Tedd,Z,,false,387,tebbin5d@foxnews.com,bccdcf13fd734c3ade6c0cc17d75f63fbb6faf04
195,Lind,Z,Marusyak,true,389,lmarusyak5e@bbc.co.uk,2f34e6836870a02f7d1dfbb2fdc191c877f820d9
196,Catharina,M,Zanassi,false,391,czanassi5f@hud.gov,27c05cd5ab4bb899c0112436ebc055804b8b4276
197,Wendy,O,Askie,true,393,waskie5g@shinystat.com,d6c915c1779e069c2ce12f3c32f95ce77f904989
198,Donetta,M,Iffe,false,395,diffe5h@dagondesign.com,aa44eb62f8300807e8eec9b654b02b67c375b2d4
199,Phyllys,S,Petru,false,397,ppetru5i@fc2.com,51530e424ae7d01b20bca02fa8d55be328adf3e4
200,Torre,V,Forsdyke,true,399,tforsdyke5j@earthlink.net,d34b532e5931f146fe2071bf8ae10af343cd99db
