supplierID,first_name,middle_initial,last_name,addressID,email,password
1,Reube,K,Yurenin,1,ryurenin0@sina.com.cn,eb222ba51eb72aa067f538675f34ede9642d942b
2,Barrie,Q,Jeschner,3,bjeschner1@fda.gov,1c493ee9f45800f19d2832f94f8a81ae225898bc
3,Sarina,,Anstee,5,sanstee2@oakley.com,97cc0809b9ec92accc8617dcc1d347a8bd0d3593
4,Tomkin,Q,Rippingall,7,trippingall3@devhub.com,550385f649c4b0bcc8cd2e8739adae42cb73aa98
5,Jacquelin,C,Denes,9,jdenes4@icio.us,bf737b497352c635c9430485743f068e7cfa1194
6,Yolanda,S,Weyman,11,yweyman5@huffingtonpost.com,68a469cf7e69a34d045e088b767378ef74346e7f
7,Base,O,Sidary,13,bsidary6@microsoft.com,1d1180f6439f2db9c847a0a19de440d77191581c
8,Scott,A,Camellini,15,scamellini7@tiny.cc,450d2ded91f2fe93adef656eb4da45b270651edf
9,Webb,A,Duggan,17,wduggan8@skype.com,009568e18d19dc8aeced043f74d219631ac84145
10,Leigh,D,Pigott,19,lpigott9@weather.com,78da82ae6eedb97e1dd7cb6c6316f6503f887a50
11,Giusto,V,Beetham,21,gbeethama@cmu.edu,5579fa551849808044894fac3fda6305ce1e7526
12,Gabrila,K,Dicey,23,gdiceyb@bizjournals.com,4e7cdeab2b17bbf00cb553f16a3726068734768d
13,Lani,V,Tuite,25,ltuitec@seesaa.net,cf1a3ada47afc55be6045d4d35e8ea00f85064ea
14,Joice,E,Larking,27,jlarkingd@businesswire.com,6ca6ec312afe3975888c1b34c4cf923a45ecf1c7
15,Carol,A,Sines,29,csinese@t.co,ab497b0aed7afe922b272cfb56515eea9ec8de1f
16,Jodie,,Lyttle,31,jlyttlef@prweb.com,77173cdaca1e468bada1c8ca168f8855b0513ecc
17,Ly,O,Brydell,33,lbrydellg@ovh.net,7e308f1824ebac00429cd4688c36544345da57d2
18,Jourdain,B,Chuney,35,jchuneyh@aboutads.info,22dbba32fe3cc4c5e60ee78e9a5cee2986b28f82
19,Cully,U,Lawles,37,clawlesi@sfgate.com,baea6da0ba1f5931706231ca7f12859a82062d34
20,Casie,,Tremblay,39,ctremblayj@people.com.cn,7f05277cdae82927bdc4aca16b3c982c3f5ffd66
21,Carolus,Q,Pendrigh,41,cpendrighk@java.com,c867d043647f4d1a3d4df8f2d61b898a94f53ac6
22,Warren,S,Eminson,43,weminsonl@imdb.com,3cedb56c8b38830e03c713302585876cbc00ad59
23,Rahal,K,Pashan,45,rpashanm@ed.gov,fafffa9cac2cd211b9ab5e761fcf4a0d08f098e7
24,Harv,G,Cothey,47,hcotheyn@e-recht24.de,3e1a59ea90b8801e358f9f09e1800208ee803592
25,Ravid,C,Marquis,49,rmarquiso@cargocollective.com,f92d644923726bbad9ee8306492d30aa64800fd7
26,Corby,F,O'Regan,51,coreganp@parallels.com,3a512d83caab3a2e874a362dfc528b9053a1eb42
27,Rollo,C,Biever,53,rbieverq@yellowbook.com,6354357d5662b7bf025dcdafb66603a5ed224d08
28,Amy,O,De Mitri,55,ademitrir@example.com,50d8c99f15e5ab653387e14e35f93d7e063b5848
29,Lucretia,,Peterkin,57,lpeterkins@usatoday.com,3a9b8d337e0f8d9ae23008aa036ad9ead64a817b
30,Jodie,,Muzzi,59,jmuzzit@hao123.com,897c03cdcc2dbe02fc7f55de247d1abf05b49ce7
31,Stearne,,Klemt,61,sklemtu@sogou.com,35721261561a20ff8bd364781965ee8eef71ace3
32,Willette,,Ambrozik,63,wambrozikv@amazon.co.jp,f8430b51dc7346421a462e811662c19131ad02ee
33,North,,Canlin,65,ncanlinw@salon.com,95c739e1a411f190ef14f1117e5daba713728f1a
34,Vivia,B,Reap,67,vreapx@odnoklassniki.ru,10a62627a14b3e9cdd82deb142eaea1ebfa5d511
35,Ashlen,D,Sirkett,69,asirketty@rediff.com,d385fd250d47248f6da5f8d77a63c8665420f0af
36,Miles,,Vitet,71,mvitetz@chicagotribune.com,0287e8ce63e52372a54f377f2b6cb28b96b9be77
37,Engelbert,Y,Brass,73,ebrass10@squarespace.com,4023e7ea5022a7dba661aa087ee93c4ede8fbd30
38,Mort,O,Feldhammer,75,mfeldhammer11@fotki.com,d80fd94fdaee40f9056b9902b4cb1dc68d60b9c4
39,Shir,Z,Charpin,77,scharpin12@is.gd,00a1b175d55f7578bb8d1a16ca8eddd739b17f3f
40,Hermia,,Charrette,79,hcharrette13@icio.us,a4493522008482dc4b833f07edda8066509c29ca
41,Keefer,G,Antonio,81,kantonio14@multiply.com,0c019aba1ed6a0f37172a93e5586adb8087913b2
42,Kristofer,L,Dilgarno,83,kdilgarno15@linkedin.com,21b2612a795510fc7a77b343780b2bd655287319
43,Nedi,E,By,85,nby16@storify.com,5fb869075e0dc94491d0245b7fa34b17888bf524
44,Aretha,,Odam,87,aodam17@clickbank.net,5730290ff54af13f3289276658a479e4e95fd9da
45,Ferdinand,E,Tweddell,89,ftweddell18@yolasite.com,9017fd4c3ea87c65ce61b35a7f1bf722f3afe430
46,Randy,U,Riddle,91,rriddle19@ameblo.jp,f18fe8d0517c3ef089eaea0c3ad48c325eebc83b
47,Rosabella,M,Blackall,93,rblackall1a@deviantart.com,f3b532788230b64ab7183f8269516a3bef4c8fe2
48,Rowney,,Bunker,95,rbunker1b@blogtalkradio.com,716cb354b4724e55a07acae0f9cb99970889de03
49,Shir,D,Blakiston,97,sblakiston1c@digg.com,091feab1f18f0e49b4da678bbeca86010280ec61
50,Veradis,W,Duchatel,99,vduchatel1d@psu.edu,0abdd5e708914dd44b0734f43ed14bea5c760aa3
51,Trenna,Q,Pamphilon,101,tpamphilon1e@about.me,37efca79f04eb0e6a4292dc21a355282f99ec110
52,Cathleen,V,Yglesias,103,cyglesias1f@time.com,8c59c8f83ed7743f4957592b76002eb5fb8cd3d5
53,Betteanne,,Willingam,105,bwillingam1g@wunderground.com,237f1ca7037d1e5860e478872f9f066e6df34981
54,Madelene,E,Laughtisse,107,mlaughtisse1h@tmall.com,37fb939cc36ee8938284de7f563983dcdcfe6268
55,Freda,Y,Stollmeier,109,fstollmeier1i@harvard.edu,7e6da747d4b9d9ec1799c507d54c226d20c8eeb1
56,Miof mela,,Featherstonhaugh,111,mfeatherstonhaugh1j@unicef.org,7044e21327b4f941532212dfea505e2cd2ccfff3
57,Sibel,G,Tombs,113,stombs1k@hugedomains.com,0ec5c4f255967092cf77e6f535046bff2abe4f80
58,Madison,Z,Phinnessy,115,mphinnessy1l@aol.com,9b9b395b9c5cfcb1c7b6055c14a8d28116dde531
59,Iolanthe,T,Winfield,117,iwinfield1m@goo.gl,13a29cf9d0b89deb9fb440a80faf7d790d3c0bd7
60,Tera,,Bowell,119,tbowell1n@netvibes.com,e00af4036b4f6fb233daa414d2377b380be895ba
61,Tatum,U,Maccrie,121,tmaccrie1o@baidu.com,fc3c16f580fd84fe8fef39cc790fdae00105fee3
62,Genevieve,N,Glisane,123,gglisane1p@t.co,c56484b696994d48f70a1227c31bd340e5dfee24
63,Shayne,,Kynman,125,skynman1q@vkontakte.ru,0a527461182b6ea58db178471b7bc91ccb4a12ee
64,Andrey,N,Grainge,127,agrainge1r@amazon.co.uk,0ae8946144f15db59f66c051d658381e74f263e2
65,Mariann,M,Gooder,129,mgooder1s@abc.net.au,38d3c4cb9e928f02f294be76776eba8b407ae3ca
66,Midge,E,Hugonet,131,mhugonet1t@boston.com,be42d6cc5d371cf4744111b2db703f7455d11deb
67,Madalyn,,Le Merchant,133,mlemerchant1u@weather.com,2fdec5c580f8fdedaedd5def66123cdb8372f883
68,Pepita,Q,Blackham,135,pblackham1v@hostgator.com,46e4d71b10c764ede6ff0bb7df082c36e5b6de67
69,Allyn,U,McNamara,137,amcnamara1w@ed.gov,76a2b8b94457f87a732348e44070b012cbd429da
70,Christiano,T,Candey,139,ccandey1x@shinystat.com,d5bbeb4d9093c22f2625f62eb7b25bc2c2705cb5
71,Barton,B,Mohan,141,bmohan1y@nbcnews.com,878a400d3d3c98198f1be87a3618758c37c05eb3
72,Ashlee,O,Gowdy,143,agowdy1z@soundcloud.com,aeee8ce17a034cfe1636681f56bfb1aa273ccfe7
73,Hammad,M,MacKettrick,145,hmackettrick20@salon.com,d6726838cbff83459bd23ed2d4dbaa2b2b19aa87
74,Welch,B,Valentelli,147,wvalentelli21@nsw.gov.au,288f737992c977fd556d8e219b8e87c90f3c9be0
75,Brandon,S,Robardey,149,brobardey22@adobe.com,e49c56bafb4668b88fc5eed7b995d4b5acaea3e3
76,Thor,,Antognazzi,151,tantognazzi23@jimdo.com,1eb1e8ddc80f1e1e7caf14af6c07581117b385ef
77,Melanie,K,Cubbin,153,mcubbin24@go.com,3aa3eed54296133684ecdac49b2fc4ec795f6f7b
78,Skipper,M,Winchcombe,155,swinchcombe25@harvard.edu,ec27719b48a6c7cba6635f5dc26ed481fa3808f9
79,Giacobo,S,Showl,157,gshowl26@1688.com,a6ebb61b9a826dc2977394b447abc41e4a2bafb3
80,Melantha,D,Levine,159,mlevine27@oracle.com,6dd6f3b492e124c68eef64ddc576b66b4e50db92
81,Alvie,,,161,aeverley28@nba.com,5aa30e0cdc385b4d6f6b3dd10329156a31670024
82,Lisette,V,Middiff,163,lmiddiff29@xing.com,d8df6c01aed1b0690eef62ead825c2887dfc7e0c
83,Vaughn,B,MacCroary,165,vmaccroary2a@noaa.gov,159b3375c98d59dbb24c217693ce9c225590879c
84,Ilise,B,,167,ijayes2b@dailymail.co.uk,163c005211fc155f1fa6505afec580a14d412f93
85,Donnell,,Jans,169,djans2c@google.nl,fc3b2f7ba5b8dd4195ca2c69d6133120c254a8e5
86,Averil,Q,Southwell,171,asouthwell2d@ftc.gov,c613451c4ca7d26dcb01c08dfa4a72ed61736a8e
87,Shina,R,Sherwen,173,ssherwen2e@bizjournals.com,af66b0b7b365c642fccec60f68a536ecf55f4962
88,Wendall,Q,O' Driscoll,175,wodriscoll2f@yandex.ru,14778461ba814583ccde6f9f48cc7953afc34ba1
89,Madelene,U,,177,mdowber2g@mit.edu,c3ecf1586afdfb3dafb0da3795ed41bcde502459
90,Zuzana,P,Kalker,179,zkalker2h@gravatar.com,e74bb1e5e07626c658261a5e7ed5ca9c031c3e1f
91,Chase,,Meni,181,cmeni2i@sina.com.cn,cdfd25a5faf198d05dcce587bd294ff47d4774b8
92,Aylmar,,Lamond,183,alamond2j@buzzfeed.com,f5b8b0bda7b26c311ffdc808aac64b9ba44d1628
93,Cortie,A,,185,cbunstone2k@smugmug.com,337ffd1c7036226f82fdbd9d9d3a3af9e005d331
94,Ardisj,Z,Huntar,187,ahuntar2l@last.fm,a3075915de2dba9f4265f448b114490e868a7eea
95,Ronica,,Copo,189,rcopo2m@pagesperso-orange.fr,91a41179925d63bee1e5b43dd4e538b63278f66e
96,Lawton,E,Harmer,191,lharmer2n@forbes.com,31cbef342d1eca0fc7e09facb1a036c8b1bb9cfe
97,Kelsey,,Haliburton,193,khaliburton2o@reuters.com,748bd970a78c2a54237b7e7b0d6171155da70c6c
98,Nathalia,,Beeckx,195,nbeeckx2p@trellian.com,61bf4a312716b5eba6d3959418f2c5061649663b
99,Josselyn,D,Cochern,197,jcochern2q@prlog.org,e1e143114ad8fbe4b8f3943c56efbb6705127d35
100,Xavier,A,Woolaghan,199,xwoolaghan2r@google.es,0c22a341a3fde9cb2e51e2a5aa38706587322104
101,George,W,Rawsthorne,201,grawsthorne2s@g.co,b6ade75b5038350de99d7ca2f69a821f9ea9e975
102,Bridget,A,,203,bdoughill2t@yahoo.co.jp,f737b9420e52f0a588a09d150aab6c82d92f30fb
103,Dagmar,J,Thacker,205,dthacker2u@microsoft.com,6bd5d2ba219366aa99fcdfa7253692e592b35ae6
104,Jodi,K,Houlworth,207,jhoulworth2v@examiner.com,78c2dddf89bb6ca0f8b01ce8b7ea13b86ae66c30
105,Dahlia,F,Skough,209,dskough2w@cornell.edu,4dd10755cb202a6f5e0c4bb3f0f6a55b1cc92b35
106,Aubine,Q,Ballantyne,211,aballantyne2x@hugedomains.com,3ed6b6b5da648075c58fc76301f988688c1a48df
107,Electra,X,Tydd,213,etydd2y@fastcompany.com,4f8bf164c5c01a39329b7ed5a6f03a75c908a73e
108,Roseanna,K,Rushsorth,215,rrushsorth2z@rakuten.co.jp,3b407e79deae12b65c122d5a412def82d4637151
109,Ines,G,Brindley,217,ibrindley30@hud.gov,6b932b5a454562fca0399feb97feb6774cc22195
110,Andromache,M,Bartozzi,219,abartozzi31@utexas.edu,a8597e3bd728c009cc6b3b2ad0dbe70d8095a71e
111,Micaela,Y,Stobbart,221,mstobbart32@clickbank.net,97597fb2dbe60d42bb320b289df39db1a674768c
112,Maximilian,T,Rugg,223,mrugg33@epa.gov,89780448fc9311ca2558091bc0a015c31e2ca357
113,Zeke,P,Leeson,225,zleeson34@list-manage.com,72636f41c31228bdb3679b06d9336ccffc86ba12
114,Tessi,,Ronayne,227,tronayne35@nifty.com,94ed0305045c7d032f0ec214ea396ba6ba90357f
115,Curcio,O,Antosch,229,cantosch36@marriott.com,fb2ce736780fd1ff00591b7872efe9224813e3d4
116,Rasia,N,,231,rgerrad37@google.com.au,d161500c83260fbbd811c98e0e4399953b376fe4
117,Leda,,Jewett,233,ljewett38@qq.com,5c0baab2ee7995e65a877d16230c7d83e0ea201e
118,Benji,P,Scarsbrook,235,bscarsbrook39@mail.ru,e05edf0843f3fead60d3fd639479fcd7b63fefe6
119,Les,C,Rattenberie,237,lrattenberie3a@ucsd.edu,83d48d8d298ebf64a5cb3cf68f828e3a8e20b396
120,Dani,I,Lewsie,239,dlewsie3b@digg.com,68e2f4af5d14c93a67548846fea35d469102c9f3
121,Harrie,,Rolles,241,hrolles3c@businessweek.com,460e84f7070e9fd44eb16bc774bb6fecf75a0a63
122,Mariele,Q,Erswell,243,merswell3d@blogtalkradio.com,dcbd20be95293765b52b55d2ffe5c91fc1e2400a
123,Orsa,Y,,245,osandeland3e@sitemeter.com,518c01c6748380567a9253c4d33180c427f97ed3
124,Xenos,,,247,xizhak3f@techcrunch.com,dac243f34bfe6d9ca8106113310ec10dc1b762d4
125,Peggy,K,Corroyer,249,pcorroyer3g@cocolog-nifty.com,a66754987eec161c97503a4c6c7dfe3fd7492964
126,Cal,Q,Reicherz,251,creicherz3h@ibm.com,59174fe02f22764a440644fcf68b13b141421f61
127,Genevieve,P,Mynett,253,gmynett3i@usnews.com,4daf29955d4d0ac905f8a4f1fcf50d6e09584a9f
128,Lolita,X,McLeese,255,lmcleese3j@flavors.me,9a27b4db63d66ae0da7113ed935292f349225036
129,Stillman,,Ollett,257,sollett3k@sohu.com,9b356b6bf34628a85b763d9b19a965c45729ed3d
130,Almeria,J,Grimwad,259,agrimwad3l@odnoklassniki.ru,79f5eff76f22cea403648874ebd6831b9d7a527b
131,Conney,,Dreus,261,cdreus3m@sakura.ne.jp,fb86f7e63cf6a3f36d981e4ef4a1cf7d4364c98c
132,Perri,,,263,pblue3n@google.com.au,56e94dda9aba433a7b5116ae2e18a02a0f8e7724
133,Johnette,F,Roggerone,265,jroggerone3o@geocities.com,a321bbf609c96bc47e5759018245fc27556d35bf
134,Beryl,,Blondell,267,bblondell3p@reverbnation.com,800d43cdd8ecb667815e4bf582cb5e24a79b24c9
135,Brittne,M,Kilpin,269,bkilpin3q@state.tx.us,eca63ef50a0196d9e14bf5e8bc3cf65872b5076d
136,Koralle,A,Bortolotti,271,kbortolotti3r@hostgator.com,188dee757f05e7f83ac39f1d4f177ae7062607bd
137,Malia,Y,Lace,273,mlace3s@virginia.edu,865e9f0307e5533581fa4e79221153150a334512
138,Edeline,B,Cullrford,275,ecullrford3t@archive.org,68aee2edbcf30dc7f70a3232a55c8ff1e3e66462
139,Nannie,W,Chagg,277,nchagg3u@miibeian.gov.cn,0af33be592f4fd126f61e4cebf443f2a0b52e2da
140,Martie,N,Skeggs,279,mskeggs3v@marketwatch.com,303df50d6e95505fcf49e4901531d7821806dd27
141,Dian,B,Murrhardt,281,dmurrhardt3w@opensource.org,d630f5d434daa8bc90973c55c255ffd7efdcb6ba
142,Robby,,Gayton,283,rgayton3x@naver.com,8176fc9676c7b4c42d72181bbf8091e87dfe2589
143,Layne,F,Whopples,285,lwhopples3y@elegantthemes.com,13b6cbcc75b3f6966f5c1bd12a54d02b9e5f777c
144,Kristal,O,Lohan,287,klohan3z@hao123.com,ea716193f2fe6ec346c7c1f4fb6207ac04f46bce
145,Mallorie,H,Boutell,289,mboutell40@vkontakte.ru,0f44625da4069a82a8ed080fc04e237230bddbeb
146,Eldredge,S,Doll,291,edoll41@hostgator.com,454b10f8d417bcef1f26f099c3e88a1dac148d9c
147,Clyve,,Reschke,293,creschke42@amazonaws.com,026e8c898dabf4bdfd3ddd06ef38c99b88f0a404
148,Jehanna,J,Mackrell,295,jmackrell43@blogger.com,9041a6994b40eff46f95a1e2cf5580d1be90994d
149,Way,J,Willman,297,wwillman44@topsy.com,07cebca1d24d63b602ff66db5308fcaa9ae8f4ab
150,Had,,Catton,299,hcatton45@liveinternet.ru,bd6a250158018efe88e4382dc00c62b2bb38e48c
151,Boniface,M,Vettore,301,bvettore46@hud.gov,4322408bfcec3800f78af033da15c81428aa8ecd
152,Aharon,N,Budleigh,303,abudleigh47@over-blog.com,d99adb3a967e21b1ac7a018b84ceab57c59e13bf
153,Delores,U,Foreman,305,dforeman48@ovh.net,2f19409ed05f2f23c99127dfcda29b7d573ef583
154,Bordie,,Harp,307,bharp49@jimdo.com,5c80a751463245fc2aebad2092213f9b9a1fe2dc
155,Cly,,Holberry,309,cholberry4a@unicef.org,3d95af640399ee1f7088ed245bb319f10b09700e
156,Zenia,R,Gandar,311,zgandar4b@hubpages.com,41117fdca237d8bb7f58faabf3f284a705d65b8a
157,Janean,N,Sandilands,313,jsandilands4c@barnesandnoble.com,75344f2cb0cf15b3e4c43c5f8fa22e59570470d5
158,Blinnie,C,Calafato,315,bcalafato4d@mayoclinic.com,67a6009a92b8665b68a14fba7469aeec49562141
159,Earle,,Kerridge,317,ekerridge4e@squarespace.com,53c5dd07ea6ab60c4bcadb80b30c86dbca1373ac
160,Jocko,,Fiddyment,319,jfiddyment4f@yandex.ru,a5bfc80bc6b009371601177f7358f91ddba6443e
161,Orran,G,Golland,321,ogolland4g@multiply.com,f59fe2dc36fb8799ab5992d531713b57b99283c4
162,Inesita,P,McMearty,323,imcmearty4h@51.la,22270741f9d92389c3a5924fce7cbfecdf7eb17a
163,Hobart,X,Slopier,325,hslopier4i@slashdot.org,f8482b0a4d9e9d39549ee0e3fa52bf9d2e03f10d
164,Allan,S,Macey,327,amacey4j@miibeian.gov.cn,7aa5000a6ca24c06781bb3035e12bb4768159f61
165,Jamima,Q,Mooreed,329,jmooreed4k@huffingtonpost.com,3d4c7bc0b22fcd14bf7cde7692ca0a8ac7af8593
166,Eben,,Fairham,331,efairham4l@umn.edu,fef89f3199a299ddaf117a07a360863288b4a19f
167,Carmine,L,Raiman,333,craiman4m@uol.com.br,33169e184894b92c9283148d6d67a509ed2755e5
168,Merl,X,Jerrom,335,mjerrom4n@paginegialle.it,b248b35149486eb6d06210fe3d7b71f6d57b47e3
169,Elizabeth,R,Lardeur,337,elardeur4o@godaddy.com,a6f9cf55a3ef71538637d277cef185bb8ec6ffdc
170,Kellie,J,Tills,339,ktills4p@answers.com,96e60ceb29debce898394816fa63fa71d5db3b81
171,Sibylle,,Offener,341,soffener4q@ibm.com,057b53288c61771bc366601f4c39c39148fbf2b3
172,Andee,K,Jemison,343,ajemison4r@geocities.jp,e98ba2f0a565093cc70a320a18bbbf9a24e599d3
173,Bette,I,Poe,345,bpoe4s@meetup.com,7a67ab9a0da6cf0c68dc4de7c7cf20cfbc3c5292
174,Toni,U,Cristofolini,347,tcristofolini4t@posterous.com,5b860eee242a64215eac3f54ae58e2879203c9e1
175,Antonia,X,Aickin,349,aaickin4u@slashdot.org,1772e12f1232ae73c5b25a32bcba5dc423439784
176,Justin,S,Cornelisse,351,jcornelisse4v@chronoengine.com,d4aefb788fcf7e839cea392d841568a300dca201
177,Amberly,C,Chudleigh,353,achudleigh4w@google.fr,a92db05a78c354b0549a419f803d295bdc5f8378
178,Neile,U,,355,nbroadist4x@flickr.com,cd5b832558d771674a65cd62c9c90680c4081a92
179,Sashenka,,Reeman,357,sreeman4y@google.com.au,bca405263d5400e4c0e28bff5ae43f3cfad8b43a
180,Agneta,,Leadston,359,aleadston4z@tripod.com,dcc96696b5fb7d0c2a395e56c4db419c578efa77
181,Rey,F,Lapere,361,rlapere50@shareasale.com,b0c001bda5c9fdcf6f44177a5bb29c93037de391
182,Murray,S,Thoms,363,mthoms51@gravatar.com,580d9c2a41832168c913fd0ff53edefdf9473bf0
183,Shana,X,Kolodziej,365,skolodziej52@istockphoto.com,05abe15c329a932dfb47f0db087e93ced4271ab4
184,Malanie,K,,367,mtruelove53@canalblog.com,086fad435b692907049c0eaec0c74cdfd9627eee
185,Merwin,N,Lawrance,369,mlawrance54@theatlantic.com,6c520b15c94cbd843b3123fff1dc5eb98da25a11
186,Jard,B,Mummery,371,jmummery55@liveinternet.ru,381a9c796b46d76c9849f44c6b243b64c437b79c
187,Calv,Q,Wasmuth,373,cwasmuth56@spiegel.de,39a406b71fe48559bc0a7f62b88ef41d7646fae8
188,Carce,,Westrope,375,cwestrope57@reuters.com,c0b2c458f3f38f97e236951b1b8fc0aba9b052c3
189,Gray,E,Birrel,377,gbirrel58@unblog.fr,ad02fb4378846747b771032775093c538f5cd96f
190,Brooks,I,Olivetta,379,bolivetta59@goo.ne.jp,1f8bc55ae1d7258771fff6afcf77de4eaa94968c
191,Innis,E,Bartram,381,ibartram5a@gov.uk,6b36a0bcdaae5fa88c9d21927af7bea61cf610bc
192,Gun,I,Djurisic,383,gdjurisic5b@bbc.co.uk,d5a90f78222a3781a20d7374b7fea524195d7427
193,Bibbye,B,Poure,385,bpoure5c@addtoany.com,06424af213af270004745888377cf13adecb7f98
194,Jackson,H,Dawney,387,jdawney5d@wikipedia.org,e36fe032758a4fdd3acd59d2be4d687543b26308
195,Diana,X,Bramstom,389,dbramstom5e@biblegateway.com,b6b5c8523f8256736f3af05571180c7699db9b3f
196,Darryl,,Guinan,391,dguinan5f@reuters.com,a055cf471082d527698346c763c3ebb35c3e588a
197,Cyrus,,Fateley,393,cfateley5g@edublogs.org,f7431075cae10e3c26ae414b147c5ceff8599278
198,Averyl,Z,Bamber,395,abamber5h@bandcamp.com,88937cce5372e0f7e0c79043f014e6fab0d9b500
199,Roman,,Jerke,397,rjerke5i@skype.com,18d410933e3a8d2cb5dd5b6146421427ee04229b
200,Barret,F,Antonchik,399,bantonchik5j@illinois.edu,bebd5f007dab971a025e57ea785d50439f63f1db
